round	phase	finding	action	evidence	result
0	baseline	M3 name XSS	reproduced with perf_robust s7_robust (names test)	xss=1 on Today	DEFECT
0	baseline	M4 import silent fail/PIN overwrite	documented s6_data; no restore on first screen	-	DEFECT
0	baseline	M7 double tap	reproduced s7_robust: progress 0->67pct; onboarding skip	base_s7_robust.log	DEFECT
0	baseline	M6 db failures	reproduced s8b_corrupt (b)(d)(e)(f)	Loading forever / undefined / frozen finish	DEFECT
1	fix	all six areas	safe.js backup.js restore.js db.js session.js path.js learner.js main.js teacher.js onboarding.js vite.config.js manifest privacy	tests/t_csp_xss t_import t_double t_gating t_dbfail	builder pass
1	verifier	1 XSS	BROKEN: hostile data already in IndexedDB reached dashboard.js (attempts.item, assessments.band), teacher.js reports (letters/nonwords/words/cwpm/compText), Class band, tampered onb; zero-width + 40-mark names accepted	fix: db.js scrub+fix() on every read, esc at sinks, onb sanitiser, cleanName strips invisibles/marks	verifier_r1/x2_sink t2_teacher_inj x4_onb x3_names now clean	fixed (r2)
1	verifier	2 import	BROKEN: assessments lossy (orfDone compDone level capped), orf-less assessment bricked teacher tabs, wrong toast after success, replace of active learner by forged future stamp	fix: schema fields, db.fix orf default, restore.js onDone try/catch + replace-confirm sheet + updatedAt clamp to now + kind forced learner	verifier_r1/r1_roundtrip LOSSLESS, t3_orf ok, tests/t_round2	fixed (r2)
1	verifier	3 double tap	BROKEN: review busy per card, 350ms lock too short for 200-300ms triple tap, celebration taps fall through to tab bar, dictation wrong x3	fix: burst-aware tapLock (extends while tapping, max 800ms) + capture-phase click swallow, review tapLock, dictation wrong cooldown	t_round2 celebration/review/continue x3 at 100/200/300ms PASS; d5_slow 360/450/700ms ok	fixed (r2)
1	verifier	4 db failures	BROKEN: learner tabs unguarded, unknown letter card froze Review, finish stranded unit 0 after partial write, garbage mode/activeProfile killed boot	fix: render() try/catch -> recovery, dueCards filters unknown letters, finish writes unit before pearl, boot validates mode/activeProfile	t_round2 + verifier f5_partial	fixed (r2)
1	verifier	5 gating	BROKEN (regression): Units tab crashed on unlocked units (const dc = ... : dc)	fix: use dctx	verifier_r1/v1 ok	fixed (r2)
1	verifier	6 manifest/privacy	HELD except 4 untrue privacy sentences, teacher Delete left orphans, FileProvider cache root, stale APK assets	fix: privacy edits, db.deleteProfile cascade, Reset clears stickers; FileProvider left (non-exported, cache only); cap sync needed before APK	-	partly fixed
2	builder	burst lock + ui_audit	tapLock armed only by real clicks; ui_audit 5190 snapshot 0 violations; my 5 suites + t_gating PASS	-	PASS
2	verifier	round 2 launched	-	-	pending
2	verifier	1 HELD; 2 edges (slow import timeout, export bigger than import cap); 3 BROKEN (plan CTA duplicates, tab dblclick duplicates screen); 4 BROKEN (single-store failure left Loading, missing indexes, quiz save failure dead end, units:{0:null} teacher); 5 minor addWpm unit; 6 HELD	fix: limits raised + 120s import timeout, plan CTA tapLock + finish guard, serialized render(), learner() returns renderLearner + ensureCards guarded, missing-index repair, quiz Try saving again, teacher null unit guard, addWpm clamp, Change device type behind gate	tests/t_round3 10/10; suites t_csp_xss t_import t_double t_dbfail t_round2 t_gating PASS; ui_audit 0	fixed (r3)
3	verifier	2/3/4 edges (cards cap, import timeout abort, teacher add/detail dblclick, onboarding finish reset, teacher recovery, egra/placement/wpm retry, CSV ts)	fixed; owner stopped further rounds	t_round3 10/10, suites PASS; t_round2 300ms celebration burst flaked once under load	stopped by owner
