id,kind,text,roman,file
alif,names,الف,alif,names/alif.wav
be,names,بے,be,names/be.wav
kaf,names,کاف,kāf,names/kaf.wav
lam,names,لام,lām,names/lam.wav
mim,names,میم,mīm,names/mim.wav
nun,names,نون,nūn,names/nun.wav
te,names,تے,te,names/te.wav
choti_ye,names,چھوٹی یے,choṭī ye,names/choti_ye.wav
bari_ye,names,بڑی یے,baṛī ye,names/bari_ye.wav
pe,names,پے,pe,names/pe.wav
tte,names,ٹے,ṭe,names/tte.wav
se,names,ثے,s̱e,names/se.wav
wao,names,واؤ,wāʾo,names/wao.wav
re,names,رے,re,names/re.wav
dal,names,دال,dāl,names/dal.wav
he,names,ہے / گول ہے,choṭī he (gol he),names/he.wav
sin,names,سین,sīn,names/sin.wav
shin,names,شین,shīn,names/shin.wav
jim,names,جیم,jīm,names/jim.wav
che,names,چے,che,names/che.wav
gaf,names,گاف,gāf,names/gaf.wav
nun_ghunna,names,نون غنہ,nūn g͟hunna,names/nun_ghunna.wav
do_chashmi_he,names,دو چشمی ہے,do-chashmī he,names/do_chashmi_he.wav
ddal,names,ڈال,ḍāl,names/ddal.wav
rre,names,ڑے,ṛe,names/rre.wav
ze,names,زے,ze,names/ze.wav
zhe,names,ژے,zhe,names/zhe.wav
fe,names,فے,fe,names/fe.wav
qaf,names,قاف,qāf,names/qaf.wav
khe,names,خے,k͟he,names/khe.wav
ghain,names,غین,g͟hain,names/ghain.wav
ain,names,عین,ʻain,names/ain.wav
bari_he,names,بڑی حے,baṛī ḥe,names/bari_he.wav
swad,names,صاد,ṣwād,names/swad.wav
zwad,names,ضاد,ẓwād,names/zwad.wav
toe,names,طوے,t̤oʼe,names/toe.wav
zoe,names,ظوے,z̤oʼe,names/zoe.wav
zal,names,ذال,ẕāl,names/zal.wav
hamza,names,ہمزہ,hamza,names/hamza.wav
alif,words,اب,ab,words/alif.wav
be,words,بابا,bābā,words/be.wav
kaf,words,کام,kām,words/kaf.wav
lam,words,لال,lāl,words/lam.wav
mim,words,مکان,makān,words/mim.wav
nun,words,نام,nām,words/nun.wav
te,words,تین,tīn,words/te.wav
choti_ye,words,یار,yār,words/choti_ye.wav
bari_ye,words,لے,le,words/bari_ye.wav
pe,words,پانی,pānī,words/pe.wav
tte,words,ٹوپی,ṭopī,words/tte.wav
se,words,ثمر,s̱amar,words/se.wav
wao,words,وہ,woh,words/wao.wav
re,words,رات,rāt,words/re.wav
dal,words,دو,do,words/dal.wav
he,words,ہم,ham,words/he.wav
sin,words,سال,sāl,words/sin.wav
shin,words,شام,shām,words/shin.wav
jim,words,جوتا,jūtā,words/jim.wav
che,words,چار,chār,words/che.wav
gaf,words,گلاب,gulāb,words/gaf.wav
nun_ghunna,words,میں,maiṉ,words/nun_ghunna.wav
do_chashmi_he,words,گھر,ghar,words/do_chashmi_he.wav
ddal,words,ڈاک,ḍāk,words/ddal.wav
rre,words,لڑکا,laṛkā,words/rre.wav
ze,words,زبان,zabān,words/ze.wav
zhe,words,ژالہ,zhāla,words/zhe.wav
fe,words,فرش,farsh,words/fe.wav
qaf,words,قلم,qalam,words/qaf.wav
khe,words,خط,k͟hat,words/khe.wav
ghain,words,غریب,g͟harīb,words/ghain.wav
ain,words,عمر,ʻumr,words/ain.wav
bari_he,words,حال,ḥāl,words/bari_he.wav
swad,words,صبح,ṣubḥ,words/swad.wav
zwad,words,ضرور,ẓarūr,words/zwad.wav
toe,words,طوطا,t̤ot̤ā,words/toe.wav
zoe,words,ظاہر,z̤āhir,words/zoe.wav
zal,words,ذائقہ,ẕāʾiqa,words/zal.wav
hamza,words,کوئی,koʾī,words/hamza.wav
be_a,syllables,با,,syllables/be_a.wav
be_i,syllables,بی,,syllables/be_i.wav
be_u,syllables,بو,,syllables/be_u.wav
kaf_a,syllables,کا,,syllables/kaf_a.wav
kaf_i,syllables,کی,,syllables/kaf_i.wav
kaf_u,syllables,کو,,syllables/kaf_u.wav
lam_a,syllables,لا,,syllables/lam_a.wav
lam_i,syllables,لی,,syllables/lam_i.wav
lam_u,syllables,لو,,syllables/lam_u.wav
mim_a,syllables,ما,,syllables/mim_a.wav
mim_i,syllables,می,,syllables/mim_i.wav
mim_u,syllables,مو,,syllables/mim_u.wav
nun_a,syllables,نا,,syllables/nun_a.wav
nun_i,syllables,نی,,syllables/nun_i.wav
nun_u,syllables,نو,,syllables/nun_u.wav
te_a,syllables,تا,,syllables/te_a.wav
te_i,syllables,تی,,syllables/te_i.wav
te_u,syllables,تو,,syllables/te_u.wav
pe_a,syllables,پا,,syllables/pe_a.wav
pe_i,syllables,پی,,syllables/pe_i.wav
pe_u,syllables,پو,,syllables/pe_u.wav
tte_a,syllables,ٹا,,syllables/tte_a.wav
tte_i,syllables,ٹی,,syllables/tte_i.wav
tte_u,syllables,ٹو,,syllables/tte_u.wav
se_a,syllables,ثا,,syllables/se_a.wav
se_i,syllables,ثی,,syllables/se_i.wav
se_u,syllables,ثو,,syllables/se_u.wav
re_a,syllables,را,,syllables/re_a.wav
re_i,syllables,ری,,syllables/re_i.wav
re_u,syllables,رو,,syllables/re_u.wav
dal_a,syllables,دا,,syllables/dal_a.wav
dal_i,syllables,دی,,syllables/dal_i.wav
dal_u,syllables,دو,,syllables/dal_u.wav
he_a,syllables,ہا,,syllables/he_a.wav
he_i,syllables,ہی,,syllables/he_i.wav
he_u,syllables,ہو,,syllables/he_u.wav
sin_a,syllables,سا,,syllables/sin_a.wav
sin_i,syllables,سی,,syllables/sin_i.wav
sin_u,syllables,سو,,syllables/sin_u.wav
shin_a,syllables,شا,,syllables/shin_a.wav
shin_i,syllables,شی,,syllables/shin_i.wav
shin_u,syllables,شو,,syllables/shin_u.wav
jim_a,syllables,جا,,syllables/jim_a.wav
jim_i,syllables,جی,,syllables/jim_i.wav
jim_u,syllables,جو,,syllables/jim_u.wav
che_a,syllables,چا,,syllables/che_a.wav
che_i,syllables,چی,,syllables/che_i.wav
che_u,syllables,چو,,syllables/che_u.wav
gaf_a,syllables,گا,,syllables/gaf_a.wav
gaf_i,syllables,گی,,syllables/gaf_i.wav
gaf_u,syllables,گو,,syllables/gaf_u.wav
ddal_a,syllables,ڈا,,syllables/ddal_a.wav
ddal_i,syllables,ڈی,,syllables/ddal_i.wav
ddal_u,syllables,ڈو,,syllables/ddal_u.wav
ze_a,syllables,زا,,syllables/ze_a.wav
ze_i,syllables,زی,,syllables/ze_i.wav
ze_u,syllables,زو,,syllables/ze_u.wav
zhe_a,syllables,ژا,,syllables/zhe_a.wav
zhe_i,syllables,ژی,,syllables/zhe_i.wav
zhe_u,syllables,ژو,,syllables/zhe_u.wav
fe_a,syllables,فا,,syllables/fe_a.wav
fe_i,syllables,فی,,syllables/fe_i.wav
fe_u,syllables,فو,,syllables/fe_u.wav
qaf_a,syllables,قا,,syllables/qaf_a.wav
qaf_i,syllables,قی,,syllables/qaf_i.wav
qaf_u,syllables,قو,,syllables/qaf_u.wav
khe_a,syllables,خا,,syllables/khe_a.wav
khe_i,syllables,خی,,syllables/khe_i.wav
khe_u,syllables,خو,,syllables/khe_u.wav
ghain_a,syllables,غا,,syllables/ghain_a.wav
ghain_i,syllables,غی,,syllables/ghain_i.wav
ghain_u,syllables,غو,,syllables/ghain_u.wav
bari_he_a,syllables,حا,,syllables/bari_he_a.wav
bari_he_i,syllables,حی,,syllables/bari_he_i.wav
bari_he_u,syllables,حو,,syllables/bari_he_u.wav
swad_a,syllables,صا,,syllables/swad_a.wav
swad_i,syllables,صی,,syllables/swad_i.wav
swad_u,syllables,صو,,syllables/swad_u.wav
zwad_a,syllables,ضا,,syllables/zwad_a.wav
zwad_i,syllables,ضی,,syllables/zwad_i.wav
zwad_u,syllables,ضو,,syllables/zwad_u.wav
toe_a,syllables,طا,,syllables/toe_a.wav
toe_i,syllables,طی,,syllables/toe_i.wav
toe_u,syllables,طو,,syllables/toe_u.wav
zoe_a,syllables,ظا,,syllables/zoe_a.wav
zoe_i,syllables,ظی,,syllables/zoe_i.wav
zoe_u,syllables,ظو,,syllables/zoe_u.wav
zal_a,syllables,ذا,,syllables/zal_a.wav
zal_i,syllables,ذی,,syllables/zal_i.wav
zal_u,syllables,ذو,,syllables/zal_u.wav
bh,aspirates,بھائی,bhāʾī,aspirates/bh.wav
ph,aspirates,پھول,phūl,aspirates/ph.wav
th,aspirates,تھالی,thālī,aspirates/th.wav
ṭh,aspirates,ٹھنڈا,ṭhanḍā,aspirates/ṭh.wav
jh,aspirates,جھنڈا,jhanḍā,aspirates/jh.wav
chh,aspirates,چھت,chhat,aspirates/chh.wav
dh,aspirates,دھاگا,dhāgā,aspirates/dh.wav
ḍh,aspirates,ڈھول,ḍhol,aspirates/ḍh.wav
ṛh,aspirates,پڑھنا,paṛhnā,aspirates/ṛh.wav
kh,aspirates,کھانا,khānā,aspirates/kh.wav
gh,aspirates,گھر,ghar,aspirates/gh.wav
zabar,diacritics,زبر,zabar,diacritics/zabar.wav
zabar_ex,diacritics,بَس,bas,diacritics/zabar_ex.wav
zer,diacritics,زیر,zer,diacritics/zer.wav
zer_ex,diacritics,دِل,dil,diacritics/zer_ex.wav
pesh,diacritics,پیش,pesh,diacritics/pesh.wav
pesh_ex,diacritics,گُل,gul,diacritics/pesh_ex.wav
jazm,diacritics,جزم,jazm (sukūn),diacritics/jazm.wav
jazm_ex,diacritics,سَبْزی,sabzī,diacritics/jazm_ex.wav
tashdid,diacritics,تشدید,tashdīd,diacritics/tashdid.wav
tashdid_ex,diacritics,بچّہ,bachcha,diacritics/tashdid_ex.wav
khari_zabar,diacritics,کھڑا زبر,khaṛā zabar,diacritics/khari_zabar.wav
khari_zabar_ex,diacritics,اعلیٰ,aʻlā,diacritics/khari_zabar_ex.wav
u01_00,units,اب,ab,units/u01_00.wav
u01_01,units,بابا,bābā,units/u01_01.wav
u01_02,units,امام,imām,units/u01_02.wav
u01_03,units,نام,nām,units/u01_03.wav
u01_04,units,کام,kām,units/u01_04.wav
u01_05,units,کل,kal,units/u01_05.wav
u01_06,units,لال,lāl,units/u01_06.wav
u01_07,units,بال,bāl,units/u01_07.wav
u01_08,units,ناک,nāk,units/u01_08.wav
u01_09,units,کان,kān,units/u01_09.wav
u01_10,units,مان,mān,units/u01_10.wav
u01_11,units,نمک,namak,units/u01_11.wav
u01_12,units,ملک,mulk,units/u01_12.wav
u01_13,units,کمال,kamāl,units/u01_13.wav
u01_14,units,نانا,nānā,units/u01_14.wav
u01_15,units,کالا,kālā,units/u01_15.wav
u01_16,units,مالا,mālā,units/u01_16.wav
u01_17,units,مکان,makān,units/u01_17.wav
u01_18,units,املا,imlā,units/u01_18.wav
u01_19,units,کمان,kamān,units/u01_19.wav
u02_00,units,تم,tum,units/u02_00.wav
u02_01,units,تین,tīn,units/u02_01.wav
u02_02,units,بیل,bail,units/u02_02.wav
u02_03,units,میل,mīl,units/u02_03.wav
u02_04,units,نیلا,nīlā,units/u02_04.wav
u02_05,units,کیلا,kelā,units/u02_05.wav
u02_06,units,تیل,tel,units/u02_06.wav
u02_07,units,لے,le,units/u02_07.wav
u02_08,units,کے,ke,units/u02_08.wav
u02_09,units,نے,ne,units/u02_09.wav
u02_10,units,تالی,tālī,units/u02_10.wav
u02_11,units,بلی,billī,units/u02_11.wav
u02_12,units,تالا,tālā,units/u02_12.wav
u02_13,units,کتاب,kitāb,units/u02_13.wav
u02_14,units,بیتاب,betāb,units/u02_14.wav
u02_15,units,تکیا,takiya,units/u02_15.wav
u02_16,units,مالی,mālī,units/u02_16.wav
u02_17,units,ناتا,nātā,units/u02_17.wav
u02_18,units,تالاب,tālāb,units/u02_18.wav
u02_19,units,کمانی,kamānī,units/u02_19.wav
u03_00,units,پانی,pānī,units/u03_00.wav
u03_01,units,پل,pul,units/u03_01.wav
u03_02,units,ٹوپی,ṭopī,units/u03_02.wav
u03_03,units,پتا,patā,units/u03_03.wav
u03_04,units,پاک,pāk,units/u03_04.wav
u03_05,units,پیٹ,peṭ,units/u03_05.wav
u03_06,units,ٹب,ṭab,units/u03_06.wav
u03_07,units,پتلی,patlī,units/u03_07.wav
u03_08,units,ثابت,s̱ābit,units/u03_08.wav
u03_09,units,پیپل,pīpal,units/u03_09.wav
u03_10,units,ٹماٹر,ṭamāṭar,units/u03_10.wav
u03_11,units,ٹانکا,ṭānkā,units/u03_11.wav
u03_12,units,پیالا,piyālā,units/u03_12.wav
u03_13,units,نپا,napā,units/u03_13.wav
u03_14,units,پلک,palak,units/u03_14.wav
u03_15,units,کپاس,kapās,units/u03_15.wav
u03_16,units,تپتا,taptā,units/u03_16.wav
u03_17,units,پتلا,patlā,units/u03_17.wav
u03_18,units,ٹکٹ,ṭikaṭ,units/u03_18.wav
u03_19,units,بٹن,baṭan,units/u03_19.wav
u04_00,units,وہ,woh,units/u04_00.wav
u04_01,units,دو,do,units/u04_01.wav
u04_02,units,دن,din,units/u04_02.wav
u04_03,units,دال,dāl,units/u04_03.wav
u04_04,units,دم,dam,units/u04_04.wav
u04_05,units,رات,rāt,units/u04_05.wav
u04_06,units,روٹی,roṭī,units/u04_06.wav
u04_07,units,دور,dūr,units/u04_07.wav
u04_08,units,ہم,ham,units/u04_08.wav
u04_09,units,ہار,hār,units/u04_09.wav
u04_10,units,کمرہ,kamra,units/u04_10.wav
u04_11,units,بادام,bādām,units/u04_11.wav
u04_12,units,دادا,dādā,units/u04_12.wav
u04_13,units,دریا,daryā,units/u04_13.wav
u04_14,units,ہوا,hawā,units/u04_14.wav
u04_15,units,راہ,rāh,units/u04_15.wav
u04_16,units,دودھ,dūdh,units/u04_16.wav
u04_17,units,مور,mor,units/u04_17.wav
u04_18,units,پودا,paudā,units/u04_18.wav
u04_19,units,نہر,nahar,units/u04_19.wav
u05_00,units,سب,sab,units/u05_00.wav
u05_01,units,سو,so,units/u05_01.wav
u05_02,units,سال,sāl,units/u05_02.wav
u05_03,units,شام,shām,units/u05_03.wav
u05_04,units,شیر,sher,units/u05_04.wav
u05_05,units,جوتا,jūtā,units/u05_05.wav
u05_06,units,جام,jām,units/u05_06.wav
u05_07,units,چار,chār,units/u05_07.wav
u05_08,units,چاند,chānd,units/u05_08.wav
u05_09,units,چابی,chābī,units/u05_09.wav
u05_10,units,گلاب,gulāb,units/u05_10.wav
u05_11,units,گاجر,gājar,units/u05_11.wav
u05_12,units,گانا,gānā,units/u05_12.wav
u05_13,units,سبک,sabuk,units/u05_13.wav
u05_14,units,شادی,shādī,units/u05_14.wav
u05_15,units,جنگل,jangal,units/u05_15.wav
u05_16,units,مچھلی,machhlī,units/u05_16.wav
u05_17,units,گرم,garm,units/u05_17.wav
u05_18,units,سردی,sardī,units/u05_18.wav
u05_19,units,دوست,dost,units/u05_19.wav
u06_00,units,میں,maiṉ,units/u06_00.wav
u06_01,units,ہاں,hāṉ,units/u06_01.wav
u06_02,units,کہاں,kahāṉ,units/u06_02.wav
u06_03,units,ہیں,haiṉ,units/u06_03.wav
u06_04,units,گھر,ghar,units/u06_04.wav
u06_05,units,بھائی,bhāʾī,units/u06_05.wav
u06_06,units,پھول,phūl,units/u06_06.wav
u06_07,units,تھالی,thālī,units/u06_07.wav
u06_08,units,ٹھنڈا,ṭhanḍā,units/u06_08.wav
u06_09,units,کھانا,khānā,units/u06_09.wav
u06_10,units,دھاگا,dhāgā,units/u06_10.wav
u06_11,units,چھت,chhat,units/u06_11.wav
u06_12,units,جھولا,jhūlā,units/u06_12.wav
u06_13,units,ہاتھ,hāth,units/u06_13.wav
u06_14,units,دودھ,dūdh,units/u06_14.wav
u06_15,units,مچھلی,machhlī,units/u06_15.wav
u06_16,units,آنکھ,āṉkh,units/u06_16.wav
u06_17,units,یہاں,yahāṉ,units/u06_17.wav
u06_18,units,سکھانا,sikhānā,units/u06_18.wav
u06_19,units,بھالو,bhālū,units/u06_19.wav
u07_00,units,ڈاک,ḍāk,units/u07_00.wav
u07_01,units,ڈبہ,ḍabba,units/u07_01.wav
u07_02,units,لڑکا,laṛkā,units/u07_02.wav
u07_03,units,لڑکی,laṛkī,units/u07_03.wav
u07_04,units,بڑا,baṛā,units/u07_04.wav
u07_05,units,پڑھنا,paṛhnā,units/u07_05.wav
u07_06,units,زبان,zabān,units/u07_06.wav
u07_07,units,زمین,zamīn,units/u07_07.wav
u07_08,units,ژالہ,zhāla,units/u07_08.wav
u07_09,units,روزانہ,rozāna,units/u07_09.wav
u07_10,units,ڈھول,ḍhol,units/u07_10.wav
u07_11,units,گڑیا,guṛiyā,units/u07_11.wav
u07_12,units,سڑک,saṛak,units/u07_12.wav
u07_13,units,زرد,zard,units/u07_13.wav
u07_14,units,ڈر,ḍar,units/u07_14.wav
u07_15,units,کپڑا,kapṛā,units/u07_15.wav
u07_16,units,مزا,mazā,units/u07_16.wav
u07_17,units,انڈا,anḍā,units/u07_17.wav
u07_18,units,ٹھنڈا,ṭhanḍā,units/u07_18.wav
u07_19,units,گھڑی,ghaṛī,units/u07_19.wav
u08_00,units,فرش,farsh,units/u08_00.wav
u08_01,units,فون,fon,units/u08_01.wav
u08_02,units,قلم,qalam,units/u08_02.wav
u08_03,units,قمیض,qamīẕ,units/u08_03.wav
u08_04,units,خط,k͟hat,units/u08_04.wav
u08_05,units,خوش,k͟hush,units/u08_05.wav
u08_06,units,غریب,g͟harīb,units/u08_06.wav
u08_07,units,باغ,bāg͟h,units/u08_07.wav
u08_08,units,عمر,ʻumr,units/u08_08.wav
u08_09,units,علم,ʻilm,units/u08_09.wav
u08_10,units,حال,ḥāl,units/u08_10.wav
u08_11,units,حلوہ,ḥalwa,units/u08_11.wav
u08_12,units,صاف,ṣāf,units/u08_12.wav
u08_13,units,فوج,fauj,units/u08_13.wav
u08_14,units,وقت,waqt,units/u08_14.wav
u08_15,units,خالی,k͟hālī,units/u08_15.wav
u08_16,units,غم,g͟ham,units/u08_16.wav
u08_17,units,عام,ʻām,units/u08_17.wav
u08_18,units,حساب,ḥisāb,units/u08_18.wav
u08_19,units,دفتر,daftar,units/u08_19.wav
u09_00,units,صبح,ṣubḥ,units/u09_00.wav
u09_01,units,صبر,ṣabr,units/u09_01.wav
u09_02,units,ضرور,ẕarūr,units/u09_02.wav
u09_03,units,مریض,marīẕ,units/u09_03.wav
u09_04,units,طالب,t̤ālib,units/u09_04.wav
u09_05,units,طوطا,t̤ot̤ā,units/u09_05.wav
u09_06,units,ظاہر,z̤āhir,units/u09_06.wav
u09_07,units,ظلم,z̤ulm,units/u09_07.wav
u09_08,units,ذائقہ,ẕāʾiqa,units/u09_08.wav
u09_09,units,ذمہ,ẕimma,units/u09_09.wav
u09_10,units,صابن,ṣābun,units/u09_10.wav
u09_11,units,ضد,ẕid,units/u09_11.wav
u09_12,units,طاقت,t̤āqat,units/u09_12.wav
u09_13,units,حفاظت,ḥifāz̤at,units/u09_13.wav
u09_14,units,ذرا,ẕarā,units/u09_14.wav
u09_15,units,خاص,k͟hāṣ,units/u09_15.wav
u09_16,units,ثواب,s̱awāb,units/u09_16.wav
u09_17,units,نظر,naz̤ar,units/u09_17.wav
u09_18,units,لفظ,lafz̤,units/u09_18.wav
u09_19,units,صحیح,ṣaḥīḥ,units/u09_19.wav
u10_00,units,آم,ām,units/u10_00.wav
u10_01,units,آپ,āp,units/u10_01.wav
u10_02,units,کوئی,koʾī,units/u10_02.wav
u10_03,units,گئے,gaʾe,units/u10_03.wav
u10_04,units,مسئلہ,masʾala,units/u10_04.wav
u10_05,units,بچّہ,bachcha,units/u10_05.wav
u10_06,units,اللّٰہ,allāh,units/u10_06.wav
u10_07,units,دعا,duʻā,units/u10_07.wav
u10_08,units,سؤال,suwāl,units/u10_08.wav
u10_09,units,آئینہ,āʾīna,units/u10_09.wav
u10_10,units,نئی,naʾī,units/u10_10.wav
u10_11,units,چائے,chāʾe,units/u10_11.wav
u10_12,units,گائے,gāʾe,units/u10_12.wav
u10_13,units,اعلیٰ,aʻlā,units/u10_13.wav
u10_14,units,صلوٰۃ,ṣalāt,units/u10_14.wav
u10_15,units,دنیا,dunyā,units/u10_15.wav
u10_16,units,ابّا,abbā,units/u10_16.wav
u10_17,units,امّی,ammī,units/u10_17.wav
u10_18,units,مکّہ,makka,units/u10_18.wav
u10_19,units,اچّھا,achchhā,units/u10_19.wav
u11_00,units,کا,kā,units/u11_00.wav
u11_01,units,کی,kī,units/u11_01.wav
u11_02,units,کے,ke,units/u11_02.wav
u11_03,units,سے,se,units/u11_03.wav
u11_04,units,پر,par,units/u11_04.wav
u11_05,units,کہ,keh,units/u11_05.wav
u11_06,units,اور,aur,units/u11_06.wav
u11_07,units,ہے,hai,units/u11_07.wav
u11_08,units,ہیں,haiṉ,units/u11_08.wav
u11_09,units,نے,ne,units/u11_09.wav
u11_10,units,کو,ko,units/u11_10.wav
u11_11,units,نہیں,nahīṉ,units/u11_11.wav
u11_12,units,تھا,thā,units/u11_12.wav
u11_13,units,تھی,thī,units/u11_13.wav
u11_14,units,کیا,kyā,units/u11_14.wav
u11_15,units,بھی,bhī,units/u11_15.wav
u11_16,units,لیکن,lekin,units/u11_16.wav
u11_17,units,اگر,agar,units/u11_17.wav
u11_18,units,پھر,phir,units/u11_18.wav
u11_19,units,بہت,bahut,units/u11_19.wav
u01_00,sentences,بابا کا کام,bābā kā kām,sentences/u01_00.wav
u01_01,sentences,کالا بال,kālā bāl,sentences/u01_01.wav
u01_02,sentences,نمک لا,namak lā,sentences/u01_02.wav
u02_00,sentences,تین کتاب,tīn kitāb,sentences/u02_00.wav
u02_01,sentences,بلی کالی ہے,billī kālī hai,sentences/u02_01.wav
u02_02,sentences,نیلا تکیا لے,nīlā takiya le,sentences/u02_02.wav
u03_00,sentences,پانی لا,pānī lā,sentences/u03_00.wav
u03_01,sentences,پتلی بلی,patlī billī,sentences/u03_01.wav
u03_02,sentences,میں ٹوپی لے,maiṉ ṭopī le,sentences/u03_02.wav
u04_00,sentences,دو روٹی,do roṭī,sentences/u04_00.wav
u04_01,sentences,وہ کمرہ بڑا ہے,woh kamra baṛā hai,sentences/u04_01.wav
u04_02,sentences,ہم دور ہیں,ham dūr haiṉ,sentences/u04_02.wav
u05_00,sentences,چار گلاب,chār gulāb,sentences/u05_00.wav
u05_01,sentences,شیر جنگل میں ہے,sher jangal meṉ hai,sentences/u05_01.wav
u05_02,sentences,دوست کا جوتا,dost kā jūtā,sentences/u05_02.wav
u06_00,sentences,میں گھر میں ہوں,maiṉ ghar meṉ hūṉ,sentences/u06_00.wav
u06_01,sentences,پھول کہاں ہیں,phūl kahāṉ haiṉ,sentences/u06_01.wav
u06_02,sentences,بھائی کھانا کھاتا ہے,bhāʾī khānā khātā hai,sentences/u06_02.wav
u07_00,sentences,لڑکا سڑک پر ہے,laṛkā saṛak par hai,sentences/u07_00.wav
u07_01,sentences,بڑا ڈبہ,baṛā ḍabba,sentences/u07_01.wav
u07_02,sentences,زمین زرد ہے,zamīn zard hai,sentences/u07_02.wav
u08_00,sentences,قلم کہاں ہے,qalam kahāṉ hai,sentences/u08_00.wav
u08_01,sentences,باغ خالی ہے,bāg͟h k͟hālī hai,sentences/u08_01.wav
u08_02,sentences,وقت کیا ہوا ہے,waqt kyā huā hai,sentences/u08_02.wav
u09_00,sentences,صبح صاف ہے,ṣubḥ ṣāf hai,sentences/u09_00.wav
u09_01,sentences,طوطا ذرا بڑا ہے,t̤ot̤ā ẕarā baṛā hai,sentences/u09_01.wav
u09_02,sentences,یہ لفظ صحیح ہے,yeh lafz̤ ṣaḥīḥ hai,sentences/u09_02.wav
u10_00,sentences,آپ کا نام کیا ہے؟,āp kā nām kyā hai?,sentences/u10_00.wav
u10_01,sentences,چائے میں ۲ چمچ چینی,chāʾe meṉ do chamach chīnī,sentences/u10_01.wav
u10_02,sentences,کوئی مسئلہ نہیں۔,koʾī masʾala nahīṉ.,sentences/u10_02.wav
u11_00,sentences,میرا نام کمال ہے اور میں لاہور میں رہتا ہوں۔,merā nām kamāl hai aur maiṉ lāhaur meṉ rahtā hūṉ.,sentences/u11_00.wav
u11_01,sentences,بچے اسکول جاتے ہیں لیکن آج چھٹی ہے۔,bachche iskūl jāte haiṉ lekin āj chhuṭṭī hai.,sentences/u11_01.wav
u11_02,sentences,اگر بارش ہوئی تو ہم گھر پر رہیں گے۔,agar bārish huʾī to ham ghar par raheṉ ge.,sentences/u11_02.wav
00,sight,کا,kā,sight/00.wav
01,sight,کی,kī,sight/01.wav
02,sight,کے,ke,sight/02.wav
03,sight,سے,se,sight/03.wav
04,sight,پر,par,sight/04.wav
05,sight,کہ,keh,sight/05.wav
06,sight,اور,aur,sight/06.wav
07,sight,ہے,hai,sight/07.wav
08,sight,ہیں,haiṉ,sight/08.wav
09,sight,نے,ne,sight/09.wav
10,sight,کو,ko,sight/10.wav
11,sight,میں,maiṉ,sight/11.wav
12,sight,نہیں,nahīṉ,sight/12.wav
13,sight,وہ,woh,sight/13.wav
14,sight,یہ,,sight/14.wav
15,sight,اس,,sight/15.wav
16,sight,تھا,thā,sight/16.wav
17,sight,تھی,thī,sight/17.wav
18,sight,کیا,kyā,sight/18.wav
19,sight,بھی,bhī,sight/19.wav
0,numerals,صفر,,numerals/0.wav
1,numerals,ایک,,numerals/1.wav
2,numerals,دو,do,numerals/2.wav
3,numerals,تین,tīn,numerals/3.wav
4,numerals,چار,chār,numerals/4.wav
5,numerals,پانچ,,numerals/5.wav
6,numerals,چھے,,numerals/6.wav
7,numerals,سات,,numerals/7.wav
8,numerals,آٹھ,,numerals/8.wav
9,numerals,نو,,numerals/9.wav
