round	verifier	finding	result
1	builder	first build: 107 PDFs, 10.4 MB, screen 22/22 playwright checks pass	submitted to blind A/B + correctness verifiers
1	blind A/B	ours won 5/5 (trace CLEAR, wordbuilding CLEAR, read-match LARGE (weak bar page), sentences SLIGHT, flashcards CLEAR); absolute pages 5-8/10; top gap: tracing guides tangled / start dots	fixed: ghost fill for joined forms, per-family start dots, keys on own page, lookalike key bdi, vowel card, certificate, chart numbers, dictation key page
1	correctness	3 blockers 9 major 10 minor (dots vs hint, hints contradicting dots, keys on child page, nastaliq clipping, manifest pages, u12 label, dup questions, preview notes, focus trap, not wired in main.js)	fixed all except: wiring (lead), starter 421KB->401KB, data issues (missing U+06C3 letter, preview-word letters filtered)
2	blind A/B	ours won 4/5 (wordbuilding lost SLIGHT: no meaning, cramped band); absolute 3-6/10: tracing dashes/dots collide with letter dots, keys, nastaliq boxes, chart labels	fixed: gloss + 8 words/4 per page + 34mm band, body-top start dots, key tables on own pages, chart labels, check layout
2	correctness	1 blocker 14 major 18 minor (start dot on mark, tah pill, ye hint, arrows on ink, gloss duplicates, nastaliq clipping, madda filter, starter text, pack key order, counts)	fixed in round 3 build; data growth from content agent (words 20->140/unit) handled by ranking+caps
3	blind A/B	ours won 4/5 on stale pages (sentences page mis-picked by harness: fixed to find pages by text); remaining gaps: dashed outline is two-edge not centre-line, chart label sizes, vowel card padding, dictation numbering, flashcards no meaning	fixed: grey fill in guide, label sizes, card padding, numbered sentence blocks, flashcards roman+gloss, harness
3	correctness	1 blocker 11 major 8 minor (nastaliq clipped tops, story dropped, trace row depth, dots under start, hint for he, key overlap, u12 key spacing, macron font, ambiguous glosses, u11 match boxes, web offline cache)	fixed in round 4 build
4	blind A/B	OURS WON 5/5 (trace LARGE, wordbuilding CLEAR, read-match LARGE, sentences CLEAR, flashcards CLEAR); absolute 6-8/10 (11_answer_key=1 was a harness bug: page finder matched the guide; fixed in blind.py); remaining minor: start dot on head of khe, vowel card zer label, nastaliq tiles tight	final-round fixes pending correctness verdict
4b	correctness	0 blockers 3 major 8 minor (dots on ink, chart cards overflow, sort task empty boxes; minors: pack wording, nastaliq tiles, sight word gloss, ...)	fixed after round 4 by builder (dot offset outside ink, chart line clamp, sort chips from pool, 6 look-alike rows, key order, wording, sight-word gloss); NOT re-verified by a fifth subagent (4-round cap)
coord-1	fixes	check options autoscale (no overflow, automated card-overflow test in build), footer 10.5mm + safe margins, reading sentence 22/20pt, story own page 20pt, key col 15pt, ghost #b4b4b4 + bigger dots, free-write cell, match pairs separated, guide wording exact	verifier pending
coord-2	verifier1	0 blocker 0 major 8 minor (nastaliq option ink near border, ghost larger than sentence, grey lost in 1-bit, similar match pairs, u09 title 9.7mm, chart truncation, persian digits, build test cannot fail)	all fixed: padding+thinner key border, sentence>=ghost, ghost #9c9c9c + baseline darker, similarity picker, hd padding, short chart sounds, nastaliq digits, build fails on card/option overflow; sizes max 387100 B, total 10.0 MB
